sheet,title,link,type
Aminul,3D Design,https://www.facebook.com/100076764691623/posts/762563966312420/,post
Aminul,3D Wallpaper,https://www.facebook.com/reel/936050912126901,reel
Aminul,Air Compressor,https://www.facebook.com/CompressorTextoPlus/videos/1965159587356562/?rdid=9gtIuzDzty8jMpiZ#,video
Aminul,Angle,https://www.facebook.com/reel/25776306575330442,reel
Aminul,Angle Machine,https://www.facebook.com/reel/1833951537310813,reel
Aminul,Automatic Roller Shutter & Door,https://www.facebook.com/61550697480845/videos/2102428546914327/?rdid=R3CJM8NUnigUxBMQ#,video
Aminul,Backrest Repair,https://www.facebook.com/reel/1430852225256045,reel
Aminul,Balfour Wood-Kerosin,https://www.facebook.com/reel/2130414554397816,reel
Aminul,Balfour Wood-Kerosin,https://www.facebook.com/reel/743945381872164,reel
Aminul,Basin Cabinet,https://www.facebook.com/watch/?v=1272250921439693,facebook-other
Aminul,Bed,https://www.facebook.com/reel/1368777901602518,reel
Aminul,"Bed 24"" Luxury",https://www.facebook.com/reel/1242940817975551,reel
Aminul,Bed Design,https://www.facebook.com/reel/681886198347554,reel
Aminul,Bed Design Minimal,https://www.facebook.com/story.php?story_fbid=2512978772453568&id=100012244087533&post_id=100012244087533_2512978772453568&rdid=q1s8bMVeCt8twFtM#,facebook-other
Aminul,Bed Frame,https://www.facebook.com/reel/2444288016087837,reel
Aminul,Bed Frame,https://www.facebook.com/reel/1405150594642501,reel
Aminul,Bed Header,https://www.facebook.com/reel/1370603441034675,reel
Aminul,Bed Metal Luxury,https://www.facebook.com/reel/1277158850921027,reel
Aminul,Bed Royal Bed,https://www.facebook.com/reel/2187918451953729,reel
Aminul,Bed set,https://www.facebook.com/reel/899464453019470,reel
Aminul,Bed with Arc Angle,https://www.facebook.com/reel/4193075910953191,reel
Aminul,Bedroom Set,https://www.facebook.com/reel/896450916620625,reel
Aminul,Bending Chamber,https://www.facebook.com/reel/1601154390925050,reel
Aminul,Besin Cabinet,https://www.facebook.com/watch/?v=1272250921439693&rdid=wPpKP7i6oJtl8Dob,facebook-other
Aminul,Board-Surface,https://www.facebook.com/reel/1667381921098622,reel
Aminul,Bracket L,https://www.facebook.com/reel/932229032678318,reel
Aminul,Car Delivey from Port,https://www.facebook.com/reel/1721071245519958,reel
Aminul,Carpenter Project,https://www.facebook.com/reel/1229305729315424,reel
Aminul,Chair,https://www.facebook.com/reel/1223571329271073,reel
Aminul,Chair,https://www.facebook.com/reel/25699496819718427,reel
Aminul,Chair Binding,https://www.facebook.com/reel/1402038174640984,reel
Aminul,Chair Design,https://www.facebook.com/reel/1772663067455052,reel
Aminul,Chair Design,https://www.facebook.com/reel/1623979598913363,reel
Aminul,Chair Fabricating,https://www.facebook.com/reel/883293714597663,reel
Aminul,Chair Merhandizing,https://www.facebook.com/reel/4058290287801358,reel
Aminul,"Chair- Venice chair, classic and refined design. Chair Factory!",https://www.facebook.com/reel/1495606761727808,reel
Aminul,Connector for Furniture,https://www.facebook.com/reel/900147675836307,reel
Aminul,Connector for Timber,https://www.facebook.com/reel/1416682213019276,reel
Aminul,Connectors for woodworking,https://www.facebook.com/reel/2995495650633807,reel
Aminul,Contour Profile Gauge,https://www.facebook.com/reel/3374727689360465,reel
Aminul,Cotton Fibre Openning Machine,https://www.facebook.com/reel/1263447122348781,reel
Aminul,Cotton filling,https://www.facebook.com/reel/767670022432154,reel
Aminul,Cotton filling,https://www.facebook.com/reel/1619584659222067,reel
Aminul,Cover for furniture,https://www.facebook.com/reel/1461820672139518,reel
Aminul,Cream Coating,https://www.facebook.com/reel/1573087730478196,reel
Aminul,Digital Mini Batal,https://www.facebook.com/reel/2098839887569762,reel
Aminul,Door Design Interior,https://www.facebook.com/reel/1314598837134833,reel
Aminul,Door Secured,https://www.facebook.com/reel/928372572877771,reel
Aminul,Epoxy Floor,https://www.facebook.com/reel/1876493546572647,reel
Aminul,Epoxy Floor,https://www.facebook.com/reel/1236358761719961,reel
Aminul,Epoxy Floor,https://www.facebook.com/watch/?v=1557651668718641,facebook-other
Aminul,Epoxy Floor,https://www.facebook.com/reel/1554621812422462,reel
Aminul,Epoxy Floor Service,https://www.facebook.com/photo/?fbid=1399605408626982&set=a.283040136950187,facebook-other
Aminul,Epoxy Resin,https://www.facebook.com/reel/1680187082970260,reel
Aminul,Fabric,https://www.facebook.com/reel/2362788790825504,reel
Aminul,Fabric Swing,https://www.facebook.com/reel/1500161627719337,reel
Aminul,Fabric Swing,https://www.facebook.com/reel/1393765168788625,reel
Aminul,Fibre Glass Plane Sheet,https://www.facebook.com/reel/1414950990125283,reel
Aminul,Foam,https://www.facebook.com/reel/1750633465911571,reel
Aminul,Foam Setup,https://www.facebook.com/reel/1556363178812926,reel
Aminul,Foam staple design,https://www.facebook.com/reel/2089939468455909,reel
Aminul,Foam staple design,https://www.facebook.com/reel/3423312297818643,reel
Aminul,Foam Swing,https://www.facebook.com/reel/891007743887873,reel
Aminul,Folding Machine,https://www.facebook.com/reel/1833951537310813,reel
Aminul,Folding Machine,https://www.facebook.com/reel/821426384248820,reel
Aminul,Furniture Coating,https://www.facebook.com/reel/1836523820235370,reel
Aminul,Furniture Color,https://www.facebook.com/reel/1318959346261316,reel
Aminul,Generator,https://www.facebook.com/reel/1412691836907179,reel
Aminul,Generator,https://www.facebook.com/reel/906401531971856,reel
Aminul,Header,https://www.facebook.com/reel/539791155628606,reel
Aminul,Header Design,https://www.facebook.com/reel/1387283959708732,reel
Aminul,Ladder Telescope,https://www.facebook.com/reel/668439089658670,reel
Aminul,Laser Cutting Steel,https://www.facebook.com/reel/950295077427417,reel
Aminul,Lift-Cargo Lift,https://www.facebook.com/reel/1417823233691980,reel
Aminul,Lightning safety,https://www.facebook.com/reel/1904405473782806,reel
Aminul,Luxury Rock Slab,https://www.facebook.com/reel/755476937125208,reel
Aminul,Machine-All Type Jaii Machine India,https://www.facebook.com/reel/912534431375967,reel
Aminul,Machine-Printer Furnirue Conveyor Belt,https://www.facebook.com/reel/961087133538233,reel
Aminul,Machine-Printer Furnirue Conveyor Belt,https://www.facebook.com/61573081837578/videos/4155373098110938/?rdid=FH6Z2UpAvnVXXFoh#,video
Aminul,Machine-Printer Furnirue Conveyor Belt,https://www.facebook.com/reel/1510914120645360,reel
Aminul,Machine-Sewing,https://www.facebook.com/reel/1419855396041366,reel
Aminul,Machineries for Furniture Factory,https://www.facebook.com/100064721046836/posts/1336151205218902/?rdid=b9CwuR86kBj7PEjZ#,post
Aminul,Machinery Service,https://www.facebook.com/100070281962787/posts/881290717556986/?rdid=dImDtiY8JqD5UdXf#,post
Aminul,Mattress Medium Firm – The Perfect Balance of Comfort & Support,https://www.facebook.com/reel/912929828007508,reel
Aminul,Mattress-Mim Matrress,https://www.facebook.com/reel/864302359701115,reel
Aminul,Measurement Tools,https://www.facebook.com/reel/1658773298616363,reel
Aminul,"Mechanism Smooth Opening & Closing
Strong & Long-Lasting Hardware",https://www.facebook.com/reel/1257230886573612,reel
Aminul,Milling machine cordless,https://www.facebook.com/reel/2381114152351744,reel
Aminul,Modern Furniture,https://www.facebook.com/reel/817911580657271,reel
Aminul,Net (ফোকজালিনেট),https://www.facebook.com/reel/1403559947708003,reel
Aminul,Net Farm Safety,https://www.facebook.com/reel/1268211511862556,reel
Aminul,Package-House Furniture Full,https://www.facebook.com/reel/854567490870703,reel
Aminul,Panel Sandwich,https://www.facebook.com/reel/875982435294329,reel
Aminul,Pipe Bending,https://www.facebook.com/reel/1601839997935622,reel
Aminul,Polish for Wood,https://www.facebook.com/reel/1322604716575121,reel
Aminul,Printing machine Conveyor belt,https://www.facebook.com/61573081837578/videos/1271572928202719/?rdid=7hOKqSBi7Mr4imZL#,video
Aminul,PVC Film,https://www.facebook.com/reel/1385851069457404,reel
Aminul,Sanding Machine Automatic,https://www.facebook.com/reel/2073447306745472,reel
Aminul,Sheet Steel Pile,https://www.facebook.com/61579835622786/posts/122134592648994520/?rdid=dIijIY0nf1reK9rc#,post
Aminul,Side Border for Room,https://www.facebook.com/reel/1554372379190297,reel
Aminul,Side Border Gypsum,https://www.facebook.com/reel/1816340575718499,reel
Aminul,Sofa,https://www.facebook.com/reel/911086828064318,reel
Aminul,Sofa Butterfly,https://www.facebook.com/reel/1398029501707412,reel
Aminul,Sofa cum Bed,https://www.facebook.com/reel/1246025310954630,reel
Aminul,Sofa cum Bed,https://www.facebook.com/reel/2056323568245361,reel
Aminul,Sofa cum Bed,https://www.facebook.com/reel/25733248016335084,reel
Aminul,Sofa Design,https://www.facebook.com/story.php?story_fbid=902355359164311&id=100081695657215&post_id=100081695657215_902355359164311&rdid=yAQdyTSwus2vkqKe#,facebook-other
Aminul,Sofa Design,https://www.facebook.com/reel/2094282867810071,reel
Aminul,Sofa Elephant,https://www.facebook.com/reel/3928987717402859,reel
Aminul,Solar Light 200w,https://www.facebook.com/reel/1223693063003138,reel
Aminul,Spray,https://www.facebook.com/61581652055507/videos/1226798392761621/?rdid=6lTTmg8LXSe3iBvf#,video
Aminul,Stair Folding,https://www.facebook.com/reel/785823097871411,reel
Aminul,Stand (for Plant),https://www.facebook.com/reel/2435698500235232,reel
Aminul,Staple,https://www.facebook.com/reel/897308169719007,reel
Aminul,Stapler for Cover,https://www.facebook.com/reel/1588077689185353,reel
Aminul,Stone Coating,https://www.facebook.com/reel/894699783046379,reel
Aminul,Stone Coating,https://www.facebook.com/reel/1838518270135999,reel
Aminul,Stone Coating,https://www.facebook.com/reel/2995495650633807,reel
Aminul,Swing for Bag,https://www.facebook.com/reel/2418744631890068,reel
Aminul,Swing Machine,https://www.facebook.com/reel/1439402901036052,reel
Aminul,Tapered Router Bit used for high-precision kerf bending.,https://www.facebook.com/reel/1600144061174800,reel
Aminul,Tiles Clear,https://www.facebook.com/reel/1546161303502836,reel
Aminul,Tiles Cutting,https://www.facebook.com/reel/889743557040454,reel
Aminul,Timber,https://www.facebook.com/reel/25210016578676265,reel
Aminul,Timber ( BalFour ),https://www.facebook.com/reel/1409278017569987,reel
Aminul,Tube Light Chip,https://www.facebook.com/reel/789824484175208,reel
Aminul,Varnish,https://www.facebook.com/reel/931907176072294,reel
Aminul,Varnish,https://www.facebook.com/reel/1458433532363702,reel
Aminul,Varnish Wood,https://www.facebook.com/reel/915588564190939,reel
Aminul,Wall Damp Solution,https://www.facebook.com/reel/894699783046379,reel
Aminul,Wall mount tv panel design,https://www.facebook.com/reel/851388427893914,reel
Aminul,Wallboards Minimal,https://www.facebook.com/reel/892805816877238,reel
Aminul,Wood Grain Film,https://www.facebook.com/reel/1666302098063103,reel
Aminul,Wood Join,https://www.facebook.com/reel/863667430056890,reel
Aminul,Wood plastic,https://www.facebook.com/61584948027426/videos/1179318847709250/?rdid=MlqsirUQMv3bfZPH#,video
Aminul,Wood Work,https://www.facebook.com/reel/3717238091746016,reel
Aminul,Wooden Cover,https://www.facebook.com/reel/1382854290196102,reel
Aminul,Wooden Design,https://www.facebook.com/reel/914055557688211,reel
Aminul,Wraoing Paper Furniture,https://www.facebook.com/reel/935902095794948,reel
Aminul,Yogurt and Cheese Machine,https://www.facebook.com/reel/900279796070780,reel
Javed,Aial,https://www.facebook.com/share/r/1asxsBCo71/,facebook-other
Javed,Balk Head,https://www.facebook.com/share/r/1FgARE8v6q/,facebook-other
Javed,Black Carv,https://www.facebook.com/share/r/1CKMg8AqM6/,facebook-other
Javed,Boal Fish,https://www.facebook.com/share/r/1ASYdKsAvr/,facebook-other
Javed,Chilli,https://www.facebook.com/share/r/1MtHgZKPWw/,facebook-other
Javed,Chilli,https://www.facebook.com/share/r/18Esfdb8U5/,facebook-other
Javed,Chingri,https://www.facebook.com/share/r/18GQTfFnMr/,facebook-other
Javed,Cloth,https://www.facebook.com/share/r/1GUrmjbu3G/,facebook-other
Javed,Company,https://www.facebook.com/share/17BXKuPBKb/,facebook-other
Javed,Duck,https://www.facebook.com/share/r/1BpK2LUYNe/,facebook-other
Javed,Duck,https://www.facebook.com/share/r/1KL3jv8hE5/,facebook-other
Javed,Duck,https://www.facebook.com/share/r/14UfozAEdKU/,facebook-other
Javed,Duck,https://www.facebook.com/share/r/187ZsPFrsc/,facebook-other
Javed,Duck,https://www.facebook.com/share/r/17gamnVGsW/,facebook-other
Javed,Fb followers,https://www.facebook.com/share/r/18Hxkw7QAo/,facebook-other
Javed,Feed Fish,https://www.facebook.com/share/v/1DfLrjQku7/,facebook-other
Javed,Feed Fish,https://www.facebook.com/reel/1215720510442779,reel
Javed,Feed Fish,https://www.facebook.com/share/r/1AsENmf6jx/,facebook-other
Javed,Fish Feed,https://www.facebook.com/share/r/1B5ehUxyBU/,facebook-other
Javed,Fish Feed,https://www.facebook.com/share/v/1CUZznuWbX/,facebook-other
Javed,Fish Pona,https://www.facebook.com/share/r/1K2Hbh1SaW/,facebook-other
Javed,Fish Pona,https://www.facebook.com/share/v/1AfgLeFRKg/,facebook-other
Javed,Fish Pona,https://www.facebook.com/share/r/1CE2agiyTx/,facebook-other
Javed,Fish Pona,https://www.facebook.com/share/r/1GNrBS96Ga/,facebook-other
Javed,Floating Fish,https://www.facebook.com/share/r/181qw4sod8/,facebook-other
Javed,Geo shit,https://www.facebook.com/share/v/1CUL6s4E8H/,facebook-other
Javed,Geo shit,https://www.facebook.com/share/v/1CMvpuDgL7/,facebook-other
Javed,Geo shit,https://www.facebook.com/share/r/187ZsPFrsc/,facebook-other
Javed,Golsha,https://www.facebook.com/share/v/1AQGJqCPPF/,facebook-other
Javed,Golsha,https://www.facebook.com/share/r/1KLTbCVijw/,facebook-other
Javed,Hat,https://www.facebook.com/share/r/172iHBGcHm/,facebook-other
Javed,Investment,https://www.facebook.com/share/1C5mRkokVu/,facebook-other
Javed,Kichen,https://www.facebook.com/share/r/1Jkzp8QFni/,facebook-other
Javed,Land,https://www.facebook.com/share/r/18PxRLjsrx/,facebook-other
Javed,Mattress,https://www.facebook.com/share/v/1DsLB4za6i/,facebook-other
Javed,Mattress,https://www.facebook.com/reel/918714777385360,reel
Javed,Mattress,https://www.facebook.com/share/v/17ZaJQ1u8r/,facebook-other
Javed,Mattress,https://www.facebook.com/share/v/1D5NXvGUEz/,facebook-other
Javed,Mattress,https://www.facebook.com/share/v/1CQFAu1xiD/,facebook-other
Javed,Mattress,https://www.facebook.com/share/r/17tRssqYB7/,facebook-other
Javed,Mattress,https://www.facebook.com/share/v/1AwrFVo4Aa/,facebook-other
Javed,Mattress,https://www.facebook.com/share/v/1CToEtgvnY/,facebook-other
Javed,Mattress,https://www.facebook.com/share/r/1CZ74aJa5a/,facebook-other
Javed,Mattress,https://www.facebook.com/share/v/1DsLB4za6i/,facebook-other
Javed,Mattress,https://www.facebook.com/share/v/1JeBjE1uY2/,facebook-other
Javed,Milk,https://www.facebook.com/share/r/1DBWPq6vss/,facebook-other
Javed,Mix Fish,https://www.facebook.com/share/v/1DUZHsEugM/,facebook-other
Javed,Mix Fish,https://www.facebook.com/share/v/1DLuV6b6ey/,facebook-other
Javed,Mix Fish,https://www.facebook.com/share/v/1AfgLeFRKg/,facebook-other
Javed,Rui,https://www.facebook.com/share/r/1DHNWPfUyg/,facebook-other
Javed,Rui,https://www.facebook.com/share/r/1DHNWPfUyg/,facebook-other
Javed,Salt,https://www.facebook.com/share/r/1DDTmN5Srb/,facebook-other
Javed,Shamuk,https://www.facebook.com/share/r/1bhnmYD1Z5/,facebook-other
Javed,Shing,https://www.facebook.com/share/r/1CBMocVhY5/,facebook-other
Javed,Shol,https://www.facebook.com/share/r/1HAVWodmAb/,facebook-other
Javed,Shol,https://www.facebook.com/share/v/176ix4M9EW/EW/,facebook-other
Javed,Shol,https://www.facebook.com/share/r/1DQYaDy9qA/,facebook-other
Javed,Shol,https://www.facebook.com/share/r/1DQYaDy9qA/,facebook-other
Javed,Shol,https://www.facebook.com/share/r/1DaKMQzx5y/,facebook-other
Javed,Solar,https://www.facebook.com/share/r/1AjiivrEGe/,facebook-other
Javed,Solar,https://www.facebook.com/share/v/18KArzcugs/,facebook-other
Javed,Talapia,https://www.facebook.com/share/r/1NzartFyed/,facebook-other
Javed,Talapia,https://www.facebook.com/share/v/17CwS53ynG/,facebook-other
Javed,Talapia,https://www.facebook.com/share/r/179kwpTHJ8/,facebook-other
Javed,Talapia,https://www.facebook.com/share/v/1EkzFtBU1r/,facebook-other
Javed,Tangra Fish,https://www.facebook.com/share/r/1DuAoFr8Sx/,facebook-other
Javed,Tangra Fish,https://www.facebook.com/share/r/188kr7twa5/,facebook-other
Javed,Tangra Fish,https://www.facebook.com/share/r/17zpeFbJCQ/,facebook-other
Javed,Tangra Fish,https://www.facebook.com/reel/1226394189470100,reel
Javed,Water Babul,https://www.facebook.com/share/r/1Cv9t7d7fA/,facebook-other
Javed,Water Babul,https://www.facebook.com/share/r/14WGdmrRHU2/,facebook-other
Javed,Water Colling,https://www.facebook.com/share/v/1DdstgkbRk/,facebook-other
Javed,Golsha,https://www.facebook.com/share/v/1GQd7Huvkr/,facebook-other
Javed,Golsha,https://www.facebook.com/share/r/14VmrHr2cvh/,facebook-other
Javed,Tangra Fish,https://www.facebook.com/share/r/1A79Pb5GXd/,facebook-other
Javed,Carp Fish,https://www.facebook.com/share/r/17WfCBTVVN/,facebook-other
